Disease,Medication
Fungal infection,"[""Antifungal creams (Clotrimazole, Terbinafine)"", ""Oral antifungals (Fluconazole)"", ""Topical powder""]"
Allergy,"[""Antihistamines (Cetirizine, Loratadine)"", ""Nasal corticosteroid sprays"", ""Decongestants""]"
GERD,"[""Proton Pump Inhibitors (Omeprazole, Pantoprazole)"", ""H2 Blockers (Famotidine)"", ""Antacids""]"
Chronic cholestasis,"[""Ursodeoxycholic acid (UDCA)"", ""Fat-soluble vitamin supplements (A, D, E, K)"", ""Antipruritic agents""]"
Drug Reaction,"[""Antihistamines"", ""Topical soothing lotions (Calamine)"", ""Oral corticosteroids if prescribed""]"
Peptic ulcer disease,"[""Antibiotics for H. pylori eradication"", ""Proton Pump Inhibitors"", ""Sucralfate mucosal protectants""]"
AIDS,"[""Antiretroviral therapy (Tenofovir, Emtricitabine, Dolutegravir)"", ""Prophylactic antibiotics""]"
Diabetes ,"[""Metformin"", ""SGLT2 inhibitors (Empagliflozin)"", ""GLP-1 receptor agonists"", ""Insulin therapy when indicated""]"
Gastroenteritis,"[""Oral Rehydration Salts (ORS)"", ""Antiemetics if prescribed (Ondansetron)"", ""Zinc supplements"", ""Probiotics""]"
Bronchial Asthma,"[""Inhaled Corticosteroids (Budesonide, Fluticasone)"", ""Short-acting Beta Agonists (Albuterol)"", ""Leukotriene receptor antagonists (Montelukast)""]"
Hypertension ,"[""ACE Inhibitors (Lisinopril)"", ""ARBs (Losartan)"", ""Calcium Channel Blockers (Amlodipine)"", ""Thiazide Diuretics""]"
Migraine,"[""Triptans (Sumatriptan, Rizatriptan)"", ""NSAIDs (Naproxen, Ibuprofen)"", ""CGRP antagonists or beta-blockers for prevention""]"
Cervical spondylosis,"[""NSAIDs (Ibuprofen, Celecoxib)"", ""Muscle relaxants (Cyclobenzaprine)"", ""Topical analgesic gels""]"
Paralysis (brain hemorrhage),"[""Emergency hospital neuro-critical care"", ""Blood pressure management agents"", ""Anticonvulsants / osmotic agents if indicated""]"
Jaundice,"[""Supportive therapy based on underlying cause"", ""Liver tonic formulations"", ""Fat-soluble vitamins""]"
Malaria,"[""Artemisinin-based combination therapies (ACTs)"", ""Chloroquine or Artemether-Lumefantrine"", ""Antipyretics (Paracetamol)""]"
Chicken pox,"[""Antiviral therapy (Acyclovir) if high risk"", ""Calamine lotion"", ""Antihistamines for itching"", ""Paracetamol for fever (Avoid Aspirin)""]"
Dengue,"[""Paracetamol for fever/pain relief"", ""IV fluids for severe cases"", ""Platelet transfusion if indicated""]"
Typhoid,"[""Antibiotics (Ceftriaxone, Azithromycin, Ciprofloxacin)"", ""Antipyretics for fever""]"
hepatitis A,"[""Supportive care and hydration"", ""Antiemetics if needed"", ""Liver support therapy""]"
Hepatitis B,"[""Antiviral medications (Tenofovir, Entecavir)"", ""Pegylated interferon""]"
Hepatitis C,"[""Direct-acting antivirals (Sofosbuvir, Velpatasvir, Glecaprevir)""]"
Hepatitis D,"[""Pegylated interferon alfa"", ""Bulevirtide (where approved)"", ""Supportive liver therapies""]"
Hepatitis E,"[""Supportive clinical care"", ""Ribavirin in select chronic immunocompromised cases""]"
Alcoholic hepatitis,"[""Corticosteroids (Prednisolone) in severe cases"", ""Nutritional supplements and Thiamine (Vitamin B1)"", ""Pentoxifylline""]"
Tuberculosis,"[""First-line quadruple therapy: Isoniazid, Rifampicin, Pyrazinamide, Ethambutol"", ""Pyridoxine (Vitamin B6)""]"
Common Cold,"[""Decongestants (Pseudoephedrine)"", ""Saline nasal rinse"", ""Paracetamol or Ibuprofen"", ""Throat lozenges""]"
Pneumonia,"[""Antibiotics (Amoxicillin-clavulanate, Azithromycin, Levofloxacin)"", ""Bronchodilators"", ""Antipyretics""]"
Dimorphic hemmorhoids(piles),"[""Topical hydrocortisone / lidocaine creams"", ""Stool softeners (Docusate sodium)"", ""Fiber supplements (Psyllium husk)""]"
Heart attack,"[""Emergency hospital reperfusion (Angioplasty/Stenting)"", ""Antiplatelets (Aspirin, Clopidogrel)"", ""Beta-blockers, ACE inhibitors, Statins""]"
Varicose veins,"[""Flavonoid venoactive agents"", ""Topical soothing gels"", ""Sclerotherapy / laser ablation if advised by vascular surgeon""]"
Hypothyroidism,"[""Levothyroxine (Synthroid / Eltroxin)""]"
Hyperthyroidism,"[""Antithyroid drugs (Methimazole, Propylthiouracil)"", ""Beta-blockers (Propranolol) for palpitations""]"
Hypoglycemia,"[""Oral glucose tablets / gels"", ""Glucagon emergency kit (nasal Baqsimi or injectable)""]"
Osteoarthritis,"[""Topical NSAIDs (Diclofenac gel)"", ""Oral analgesics (Acetaminophen, Celecoxib)"", ""Intra-articular hyaluronic acid / corticosteroid injections""]"
Arthritis,"[""DMARDs (Methotrexate, Leflunomide)"", ""Biologics (TNF inhibitors)"", ""NSAIDs for symptom relief""]"
(vertigo) Paroymsal  Positional Vertigo,"[""Vestibular suppressants for acute symptoms (Betahistine, Meclizine)"", ""Antiemetics""]"
Acne,"[""Topical retinoids (Adapalene, Tretinoin)"", ""Benzoyl Peroxide"", ""Topical/Oral antibiotics (Clindamycin, Doxycycline)"", ""Isotretinoin for severe cystic acne""]"
Urinary tract infection,"[""Antibiotics (Nitrofurantoin, Fosfomycin, Trimethoprim-sulfamethoxazole)"", ""Urinary analgesic (Phenazopyridine)""]"
Psoriasis,"[""Topical corticosteroids and Vitamin D analogues"", ""Calcineurin inhibitors"", ""Biologics (IL-17 / IL-23 inhibitors)"", ""Methotrexate""]"
Impetigo,"[""Topical Mupirocin or Retapamulin ointment"", ""Oral antibiotics (Cephalexin, Augmentin) for widespread lesions""]"
